Timestamp,User Count,Type,Name,Requests/s,Failures/s,50%,66%,75%,80%,90%,95%,98%,99%,99.9%,99.99%,100%,Total Request Count,Total Failure Count,Total Median Response Time,Total Average Response Time,Total Min Response Time,Total Max Response Time,Total Average Content Size
1652800704,0,,Aggregated,0.000000,0.000000,N/A,N/A,N/A,N/A,N/A,N/A,N/A,N/A,N/A,N/A,N/A,0,0,0,0,0,0,0
1652800705,1,,Aggregated,0.000000,0.000000,16,18,50,52,54,56,64,64,64,64,64,41,0,16,24.122128245724568,3.9036660018609837,63.53108200710267,278.0
1652800706,2,,Aggregated,0.000000,0.000000,17,31,49,50,55,63,66,67,71,71,71,111,0,17,26.552509036788777,3.9036660018609837,71.41916900582146,278.0
1652800707,3,,Aggregated,12.000000,0.000000,23,40,49,51,59,65,71,73,98,98,98,204,0,23,28.839031549389748,3.9036660018609837,97.90905399131589,374.53921568627453
1652800708,4,,Aggregated,30.500000,0.000000,24,46,50,52,63,70,83,95,100,100,100,323,0,24,30.661718551254754,3.9036660018609837,100.41093800100498,404.6501547987616
1652800709,5,,Aggregated,44.000000,0.000000,25,47,51,52,62,70,81,93,100,100,100,479,0,25,31.094287555281507,3.8433239969890565,100.41093800100498,395.94780793319416
1652800710,6,,Aggregated,58.000000,0.000000,24,47,51,54,63,70,80,93,110,110,110,661,0,24,31.473710231466956,3.8433239969890565,105.31484198872931,395.5673222390318
1652800711,7,,Aggregated,71.800000,0.000000,24,47,51,56,64,70,78,88,120,120,120,869,0,24,31.915289000088915,3.836803007288836,119.24632599402685,385.3624856156502
1652800712,8,,Aggregated,88.000000,0.000000,27,48,54,58,67,75,87,99,120,150,150,1038,0,27,34.40507499422097,3.836803007288836,148.89638499880675,390.09248554913296
1652800713,9,,Aggregated,101.285714,0.000000,30,48,56,61,70,77,88,100,140,150,150,1230,0,30,36.30066331448999,3.836803007288836,148.89638499880675,389.4105691056911
1652800714,10,,Aggregated,113.125000,0.000000,32,50,58,62,72,80,95,110,170,170,170,1406,0,32,38.679483960108826,3.836803007288836,167.94078701059334,390.72190611664297
1652800715,11,,Aggregated,120.222222,0.000000,36,51,59,64,76,87,100,120,190,230,230,1601,0,36,40.97323501867627,3.836803007288836,234.61316899920348,389.10368519675205
1652800716,12,,Aggregated,127.100000,0.000000,39,52,62,67,80,92,110,140,230,240,240,1780,0,39,43.60008580115391,3.836803007288836,238.5279400041327,385.87865168539327
1652800717,13,,Aggregated,144.200000,0.000000,43,56,65,70,84,99,120,150,240,320,320,1931,0,43,46.593101599171966,3.836803007288836,316.24293999630027,383.90678404971516
1652800718,14,,Aggregated,159.000000,0.000000,46,58,67,73,89,100,130,190,300,360,360,2112,0,46,49.32953590767311,3.836803007288836,358.9084400009597,383.110321969697
1652800719,15,,Aggregated,168.700000,0.000000,48,62,71,78,97,120,150,200,360,430,430,2244,0,48,53.05758785023519,3.836803007288836,429.42123000102583,379.90864527629236
1652800720,16,,Aggregated,173.600000,0.000000,50,65,76,83,110,130,170,220,450,500,500,2362,0,50,57.28282649280232,3.836803007288836,498.8300450058887,379.35690093141403
1652800721,17,,Aggregated,177.600000,0.000000,51,69,81,89,120,150,190,230,500,610,610,2475,0,51,61.41433168122676,3.836803007288836,609.5032709999941,377.55757575757576
1652800722,18,,Aggregated,173.500000,0.000000,54,72,86,95,120,150,200,240,520,610,610,2599,0,54,65.02084651522263,3.836803007288836,609.5032709999941,376.26202385532895
1652800723,19,,Aggregated,168.200000,0.000000,57,76,89,99,130,160,210,320,520,610,610,2771,0,57,68.00997881958308,3.836803007288836,609.5032709999941,376.6134969325153
1652800724,20,,Aggregated,159.900000,0.000000,60,79,93,100,130,160,210,330,520,610,610,2949,0,60,70.52289351070641,3.836803007288836,609.5032709999941,376.04950830790096
1652800725,21,,Aggregated,156.100000,0.000000,63,82,95,110,130,160,220,340,510,610,610,3149,0,63,72.73048681423029,3.836803007288836,609.5032709999941,374.8936170212766
1652800726,22,,Aggregated,153.600000,0.000000,66,85,99,110,130,160,230,350,510,610,610,3338,0,66,75.37856987686443,3.836803007288836,609.5032709999941,372.41491911324147
1652800727,23,,Aggregated,153.500000,0.000000,68,88,100,110,140,170,250,360,510,610,610,3467,0,68,78.63313462937278,3.836803007288836,609.5032709999941,371.47072396884914
1652800728,24,,Aggregated,154.300000,0.000000,70,92,110,120,150,180,270,390,610,670,670,3606,0,70,82.51090056989666,3.836803007288836,665.7649050030159,370.80033277870217
1652800729,25,,Aggregated,155.100000,0.000000,73,96,110,130,160,190,280,420,610,670,670,3758,0,73,86.09169320147107,3.836803007288836,665.7649050030159,370.7892496008515
1652800730,26,,Aggregated,152.700000,0.000000,75,100,120,130,160,190,280,420,650,670,670,3906,0,75,88.92270605557233,3.836803007288836,670.6172349950066,368.5184331797235
1652800731,27,,Aggregated,150.000000,0.000000,78,100,120,140,170,210,300,430,670,760,760,4040,0,78,92.69343417796732,3.836803007288836,760.6998249975732,367.1908415841584
1652800732,28,,Aggregated,153.000000,0.000000,80,110,130,140,180,220,310,450,690,800,800,4175,0,80,96.24858428142034,3.836803007288836,796.7842319922056,367.3336526946108
1652800733,29,,Aggregated,153.500000,0.000000,83,110,130,150,180,220,320,470,710,800,800,4342,0,83,99.57311883648153,3.836803007288836,796.7842319922056,366.242975587287
1652800734,30,,Aggregated,157.100000,0.000000,86,120,140,150,190,220,320,490,710,800,800,4507,0,86,102.47330046329124,3.836803007288836,796.7842319922056,364.92056800532504
1652800735,31,,Aggregated,156.700000,0.000000,88,120,140,160,190,230,340,490,710,800,800,4621,0,88,105.14300293248186,3.836803007288836,796.7842319922056,363.84657000649213
1652800736,32,,Aggregated,157.400000,0.000000,90,120,150,160,200,250,410,510,1100,1200,1200,4746,0,90,110.19130922187416,3.836803007288836,1189.2044489941327,363.8293299620733
1652800737,33,,Aggregated,155.300000,0.000000,94,130,150,160,200,250,420,550,1100,1200,1200,4910,0,94,113.51403354217766,3.836803007288836,1189.2044489941327,363.50448065173117
1652800738,34,,Aggregated,144.300000,0.000000,97,130,160,170,210,260,420,570,820,1200,1200,5062,0,97,116.51330401563698,3.836803007288836,1189.2044489941327,363.04049782694585
1652800739,35,,Aggregated,140.400000,0.000000,100,140,160,170,210,260,430,600,950,1200,1200,5240,0,100.0,119.46465329183272,3.836803007288836,1189.2044489941327,362.4887404580153
1652800740,36,,Aggregated,143.400000,0.000000,100,140,160,180,220,260,430,610,950,1200,1200,5419,0,100.0,122.27596255622984,3.836803007288836,1189.2044489941327,362.28031002029894
1652800741,37,,Aggregated,145.100000,0.000000,110,140,170,180,220,270,440,620,950,1200,1200,5591,0,110.0,124.81666561601114,3.836803007288836,1189.2044489941327,362.23144339116436
1652800742,38,,Aggregated,148.200000,0.000000,110,150,170,180,220,270,450,630,950,1200,1200,5745,0,110.0,127.62912373475476,3.836803007288836,1189.2044489941327,361.84160139251526
1652800743,39,,Aggregated,152.900000,0.000000,110,150,170,190,230,280,470,650,950,1200,1200,5942,0,110.0,130.5946462955723,3.836803007288836,1189.2044489941327,361.69808145405585
1652800744,40,,Aggregated,155.300000,0.000000,120,160,180,190,230,280,480,650,940,1200,1200,6110,0,120.0,133.48743113506072,3.836803007288836,1189.2044489941327,362.01031096563014
1652800745,41,,Aggregated,156.700000,0.000000,120,160,180,190,240,290,490,660,940,1200,1200,6290,0,120.0,136.20475428794066,3.836803007288836,1189.2044489941327,361.8430842607313
1652800746,42,,Aggregated,159.600000,0.000000,120,160,180,200,240,300,500,660,940,1200,1200,6446,0,120.0,139.06990421861354,3.836803007288836,1189.2044489941327,360.8402109835557
1652800747,43,,Aggregated,159.600000,0.000000,130,160,190,200,250,300,500,670,960,1200,1200,6612,0,130.0,142.31910387346522,3.836803007288836,1189.2044489941327,360.36101028433154
1652800748,44,,Aggregated,167.400000,0.000000,130,170,190,210,260,310,510,680,960,1200,1200,6785,0,130.0,145.15757559694939,3.836803007288836,1189.2044489941327,360.33470891672806
1652800749,45,,Aggregated,169.500000,0.000000,130,170,200,210,260,310,520,690,960,1200,1200,6955,0,130.0,147.83894772513355,3.836803007288836,1189.2044489941327,360.3338605319914
1652800750,46,,Aggregated,171.100000,0.000000,130,170,200,210,260,320,550,690,950,1200,1200,7131,0,130.0,150.64791317953728,3.836803007288836,1189.2044489941327,360.53007993268824
1652800751,47,,Aggregated,172.200000,0.000000,140,180,200,220,270,320,550,700,960,1200,1200,7290,0,140.0,153.57833181773842,3.836803007288836,1189.2044489941327,360.45157750342935
1652800752,48,,Aggregated,172.200000,0.000000,140,180,210,220,270,330,560,710,1000,1200,1200,7460,0,140.0,156.39538633381918,3.836803007288836,1189.2044489941327,360.22479892761396
1652800753,49,,Aggregated,170.900000,0.000000,140,180,210,230,280,330,590,730,1000,1200,1200,7630,0,140.0,159.67104638456823,3.836803007288836,1189.2044489941327,360.70537352555704
1652800754,50,,Aggregated,168.200000,0.000000,150,190,210,230,290,340,610,750,1100,1200,1200,7780,0,150.0,163.0735565107004,3.836803007288836,1189.2044489941327,360.93894601542416
1652800755,51,,Aggregated,170.400000,0.000000,150,190,220,240,290,360,610,760,1100,1200,1200,7944,0,150.0,166.26891240045762,3.836803007288836,1189.2044489941327,360.06936052366564
1652800756,52,,Aggregated,167.300000,0.000000,150,190,220,240,300,360,620,770,1100,1200,1200,8103,0,150.0,169.03268712356822,3.836803007288836,1189.2044489941327,360.1763544366284
1652800757,53,,Aggregated,166.200000,0.000000,150,200,230,240,300,370,630,770,1100,1200,1200,8292,0,150.0,171.8721906425699,3.836803007288836,1189.2044489941327,359.57875060299085
1652800758,54,,Aggregated,164.700000,0.000000,160,200,230,250,310,370,640,790,1100,1200,1200,8462,0,160.0,174.30011515058766,3.836803007288836,1189.2044489941327,359.8087922476956
1652800759,55,,Aggregated,167.200000,0.000000,160,200,230,250,320,380,650,800,1100,1200,1200,8620,0,160.0,177.7294425385393,3.836803007288836,1189.2044489941327,360.36461716937356
1652800760,56,,Aggregated,167.100000,0.000000,160,210,240,260,320,390,650,810,1100,1200,1200,8805,0,160.0,180.39976615767847,3.836803007288836,1189.2044489941327,359.80897217490065
1652800761,57,,Aggregated,166.800000,0.000000,160,210,240,260,320,390,660,820,1100,1200,1200,8979,0,160.0,182.7710260577447,3.836803007288836,1189.2044489941327,359.9682592716338
1652800762,58,,Aggregated,164.600000,0.000000,170,210,240,270,330,400,660,820,1100,1200,1200,9157,0,170.0,185.7675574841546,3.836803007288836,1189.2044489941327,359.50442284591026
1652800763,59,,Aggregated,165.200000,0.000000,170,220,250,270,330,400,660,830,1100,1400,1400,9328,0,170.0,188.72879974392987,3.836803007288836,1405.1669750042493,358.92367066895366
1652800764,60,,Aggregated,167.600000,0.000000,170,220,250,280,340,410,670,830,1200,1400,1400,9495,0,170.0,191.176749318528,3.836803007288836,1405.1669750042493,359.1658767772512
1652800765,61,,Aggregated,170.300000,0.000000,170,220,260,280,340,410,680,850,1200,1400,1400,9673,0,170.0,194.54838320649577,3.836803007288836,1405.1669750042493,359.70112684792724
1652800766,62,,Aggregated,170.700000,0.000000,180,230,260,280,350,420,680,850,1200,1400,1400,9839,0,180.0,197.0440126223575,3.836803007288836,1405.1669750042493,358.8010976725277
1652800767,63,,Aggregated,172.500000,0.000000,180,230,270,290,350,420,690,860,1200,1400,1400,10010,0,180.0,200.07374302091517,3.836803007288836,1405.1669750042493,359.0093906093906
1652800768,64,,Aggregated,173.300000,0.000000,180,230,270,290,360,430,690,870,1200,1400,1400,10180,0,180.0,203.15252257431052,3.836803007288836,1405.1669750042493,359.21836935166993
1652800769,65,,Aggregated,172.400000,0.000000,180,240,270,300,360,440,700,890,1200,1400,1400,10334,0,180.0,206.55870888071775,3.836803007288836,1405.1669750042493,359.9071027675634
1652800770,66,,Aggregated,171.700000,0.000000,190,240,280,300,370,450,710,900,1200,1400,1400,10480,0,190.0,209.5133804799043,3.836803007288836,1405.1669750042493,360.11545801526717
1652800771,67,,Aggregated,173.700000,0.000000,190,240,280,310,380,460,720,910,1200,1500,1700,10646,0,190.0,212.5685090909524,3.836803007288836,1654.8254859953886,359.8139207213977
1652800772,68,,Aggregated,171.200000,0.000000,190,250,290,310,390,470,730,920,1200,1500,1700,10800,0,190.0,215.9998018902078,3.836803007288836,1654.8254859953886,360.4787962962963
1652800773,69,,Aggregated,166.900000,0.000000,190,250,290,320,400,480,750,940,1200,1500,1700,10942,0,190.0,219.19781925865206,3.836803007288836,1654.8254859953886,361.5636081155182
1652800774,70,,Aggregated,168.300000,0.000000,190,250,300,320,410,500,750,960,1200,1500,1700,11100,0,190.0,222.64094065830682,3.836803007288836,1654.8254859953886,361.6413513513514
1652800775,71,,Aggregated,163.200000,0.000000,200,260,300,330,410,500,770,960,1200,1500,1700,11254,0,200.0,225.9143293048001,3.836803007288836,1654.8254859953886,362.4095432735028
1652800776,72,,Aggregated,159.700000,0.000000,200,260,300,330,420,510,770,960,1300,1500,1700,11422,0,200.0,228.62138003539937,3.836803007288836,1654.8254859953886,361.58737524076344
1652800777,73,,Aggregated,158.300000,0.000000,200,260,310,340,420,510,780,980,1300,1800,1800,11590,0,200.0,232.05510135654328,3.836803007288836,1820.8199140062789,362.0892148403796
1652800778,74,,Aggregated,156.500000,0.000000,200,270,310,340,430,530,790,980,1300,1800,1800,11716,0,200.0,234.94629116305714,3.836803007288836,1820.8199140062789,362.0744281324684
1652800779,75,,Aggregated,155.900000,0.000000,210,270,320,350,430,530,800,990,1400,1800,1800,11916,0,210.0,238.45906517701994,3.836803007288836,1820.8199140062789,362.46391406512254
1652800780,76,,Aggregated,157.300000,0.000000,210,280,320,350,440,530,800,990,1400,1800,1800,12065,0,210.0,241.1754123740808,3.836803007288836,1820.8199140062789,362.11371736427685
1652800781,77,,Aggregated,150.800000,0.000000,210,280,330,360,450,540,820,1000,1400,1800,1800,12196,0,210.0,243.93681163728715,3.836803007288836,1820.8199140062789,362.6694817973106
1652800782,78,,Aggregated,157.000000,0.000000,210,280,330,370,460,550,820,1000,1400,1800,1800,12375,0,210.0,247.9613163094472,3.836803007288836,1820.8199140062789,362.1463434343434
1652800783,79,,Aggregated,159.300000,0.000000,220,290,340,370,460,560,830,1000,1500,1800,1800,12534,0,220.0,250.87303338323258,3.836803007288836,1820.8199140062789,362.6506302856231
1652800784,80,,Aggregated,154.800000,0.000000,220,290,340,380,460,560,830,1000,1500,1800,1800,12691,0,220.0,253.4648194195471,3.836803007288836,1820.8199140062789,362.24986210700496
1652800785,81,,Aggregated,157.300000,0.000000,220,300,350,390,470,570,840,1000,1500,1800,1800,12870,0,220.0,256.5947828054814,3.836803007288836,1820.8199140062789,361.8820512820513
1652800786,82,,Aggregated,159.600000,0.000000,220,300,350,390,480,570,840,1000,1500,1800,1800,13019,0,220.0,259.7251162717164,3.836803007288836,1820.8199140062789,361.8447653429603
1652800787,83,,Aggregated,158.300000,0.000000,230,310,360,400,480,570,850,1000,1500,1800,1800,13193,0,230.0,262.8562528787648,3.836803007288836,1820.8199140062789,361.53498067156823
1652800788,84,,Aggregated,162.600000,0.000000,230,310,370,400,490,580,860,1100,1500,1800,1800,13365,0,230.0,266.29219474796827,3.836803007288836,1820.8199140062789,362.73587729143287
1652800789,85,,Aggregated,161.700000,0.000000,230,310,370,410,490,590,860,1100,1500,1800,1800,13493,0,230.0,268.8441266430409,3.836803007288836,1820.8199140062789,362.1514859556807
1652800790,86,,Aggregated,160.600000,0.000000,230,320,370,410,500,600,860,1100,1500,1800,1800,13655,0,230.0,271.37661301424566,3.836803007288836,1820.8199140062789,361.38733064811424
1652800791,87,,Aggregated,165.700000,0.000000,240,320,380,410,500,600,870,1100,1700,2100,2100,13831,0,240.0,274.8940486278332,3.836803007288836,2147.9486269963672,361.72257971224064
1652800792,88,,Aggregated,158.000000,0.000000,240,330,390,420,510,610,880,1100,1700,2100,2100,13988,0,240.0,278.6687924328389,3.836803007288836,2147.9486269963672,361.80025736345436
1652800793,89,,Aggregated,159.500000,0.000000,240,330,390,420,520,610,890,1100,1700,2100,2100,14141,0,240.0,281.52979764547973,3.836803007288836,2147.9486269963672,362.1521108832473
1652800794,90,,Aggregated,162.100000,0.000000,240,330,400,430,530,620,900,1100,1700,2100,2100,14313,0,240.0,285.0575049906878,3.836803007288836,2147.9486269963672,361.980157898414
1652800795,91,,Aggregated,161.100000,0.000000,250,340,400,430,530,630,910,1100,1700,2100,2100,14468,0,250.0,287.87061464892923,3.836803007288836,2147.9486269963672,361.89991705833563
1652800796,92,,Aggregated,159.100000,0.000000,250,340,410,440,540,630,920,1100,1700,2100,2100,14631,0,250.0,291.05015096642194,3.836803007288836,2147.9486269963672,362.56154739935755
1652800797,93,,Aggregated,162.900000,0.000000,250,350,410,450,540,640,930,1100,1700,2100,2100,14782,0,250.0,294.43304234418514,3.836803007288836,2147.9486269963672,362.6603301312407
1652800798,94,,Aggregated,159.600000,0.000000,260,350,420,450,550,660,940,1100,1700,2100,2100,14922,0,260.0,298.04618870839977,3.836803007288836,2147.9486269963672,362.32488942501004
1652800799,95,,Aggregated,160.000000,0.000000,260,360,420,460,550,660,950,1100,1800,2100,2200,15081,0,260.0,300.98532918796985,3.836803007288836,2162.542921010754,362.3637689808368
1652800800,96,,Aggregated,158.300000,0.000000,260,360,420,460,560,670,950,1200,1800,2100,2200,15214,0,260.0,303.7701531765979,3.836803007288836,2162.542921010754,362.5508084658867
1652800801,97,,Aggregated,154.800000,0.000000,260,370,430,460,570,680,960,1200,1800,2100,2200,15395,0,260.0,307.0696469245018,3.836803007288836,2162.542921010754,361.75433582331925
1652800802,98,,Aggregated,158.300000,0.000000,270,370,430,470,570,690,970,1200,1900,2200,2200,15558,0,270.0,310.40235046662394,3.836803007288836,2201.601392996963,362.35840082272784
1652800803,99,,Aggregated,156.100000,0.000000,270,370,440,480,580,690,980,1200,1900,2200,2200,15708,0,270.0,313.73034234324655,3.836803007288836,2201.601392996963,363.15546218487395
1652800804,100,,Aggregated,155.700000,0.000000,270,380,440,480,580,690,980,1200,1900,2200,2200,15828,0,270.0,316.002656074467,3.836803007288836,2201.601392996963,362.93246146070254
1652800805,101,,Aggregated,156.200000,0.000000,280,380,450,490,590,700,980,1200,1900,2200,2200,16016,0,280.0,320.00624342349613,3.836803007288836,2201.601392996963,363.0373376623377
1652800806,102,,Aggregated,157.000000,0.000000,280,390,450,490,600,710,990,1200,1900,2200,2200,16179,0,280.0,323.1470080115488,3.836803007288836,2201.601392996963,363.36905865628285
1652800807,103,,Aggregated,151.000000,0.000000,280,390,460,500,600,710,990,1200,1900,2200,2200,16325,0,280.0,326.4897634591674,3.836803007288836,2201.601392996963,363.3749464012251
1652800808,104,,Aggregated,154.600000,0.000000,280,400,460,500,610,720,1000,1200,1900,2200,2200,16469,0,280.0,329.9771052923053,3.836803007288836,2201.601392996963,363.23778007164975
1652800809,105,,Aggregated,154.000000,0.000000,290,400,470,510,620,730,1000,1200,1900,2200,2200,16582,0,290.0,332.4623235438383,3.836803007288836,2201.601392996963,362.7346520323242
1652800810,106,,Aggregated,154.100000,0.000000,290,400,470,510,630,740,1000,1200,2000,2300,2300,16781,0,290.0,336.773375804951,3.836803007288836,2337.0699329971103,362.99463679160954
1652800811,107,,Aggregated,154.700000,0.000000,290,410,480,520,630,750,1000,1200,2000,2300,2300,16921,0,290.0,339.47254408237893,3.836803007288836,2337.0699329971103,362.7991253472017
1652800812,108,,Aggregated,149.600000,0.000000,300,410,480,530,640,760,1000,1200,2000,2300,2300,17078,0,300.0,342.99519373228117,3.836803007288836,2337.0699329971103,362.30518796111954
1652800813,109,,Aggregated,155.000000,0.000000,300,420,480,530,650,770,1000,1300,2000,2500,2500,17225,0,300.0,345.74779025915655,3.836803007288836,2541.025352998986,361.8774455732946
1652800814,110,,Aggregated,152.900000,0.000000,300,420,490,530,650,770,1000,1300,2100,2600,2700,17382,0,300.0,348.79298722966115,3.836803007288836,2681.8258900020737,362.7874237717179
1652800815,111,,Aggregated,151.600000,0.000000,310,420,490,540,660,790,1000,1300,2100,2600,2700,17557,0,310.0,352.51700763672847,3.836803007288836,2681.8258900020737,361.98923506293784
1652800816,112,,Aggregated,151.400000,0.000000,310,430,500,540,660,800,1000,1300,2200,2600,2700,17680,0,310.0,355.9715250934388,3.836803007288836,2681.8258900020737,362.5238122171946
1652800817,113,,Aggregated,155.200000,0.000000,310,430,500,550,670,800,1000,1300,2200,2600,2700,17833,0,310.0,359.3826814126047,3.836803007288836,2681.8258900020737,362.99259799248586
1652800818,114,,Aggregated,153.300000,0.000000,310,430,510,550,680,810,1100,1300,2200,2600,2700,17925,0,310.0,361.8276981828154,3.836803007288836,2681.8258900020737,362.83620641562067
1652800819,115,,Aggregated,150.200000,0.000000,320,440,510,560,690,830,1100,1400,2100,2600,2700,18096,0,320.0,366.29180934819937,3.836803007288836,2681.8258900020737,363.51387046861186
1652800820,116,,Aggregated,150.200000,0.000000,320,440,520,570,700,830,1100,1400,2100,2600,2700,18258,0,320.0,370.03599965088324,3.836803007288836,2681.8258900020737,363.72121809617704
1652800821,117,,Aggregated,145.200000,0.000000,320,450,520,570,710,830,1100,1400,2100,2600,2700,18402,0,320.0,372.9850906241136,3.836803007288836,2681.8258900020737,363.5173894141941
1652800823,118,,Aggregated,151.200000,0.000000,330,450,530,580,710,850,1100,1400,2200,2600,2700,18545,0,330.0,376.54073372165243,3.836803007288836,2681.8258900020737,363.5311943920194
1652800824,119,,Aggregated,147.400000,0.000000,330,450,530,580,720,850,1100,1400,2200,2600,2700,18688,0,330.0,380.2332088163027,3.836803007288836,2681.8258900020737,364.0163741438356
1652800825,120,,Aggregated,147.800000,0.000000,330,460,540,590,730,860,1100,1400,2200,2600,2700,18806,0,330.0,382.5325780649314,3.836803007288836,2681.8258900020737,363.9294905881102
1652800826,121,,Aggregated,146.700000,0.000000,330,460,540,600,740,870,1100,1400,2200,2600,2700,18977,0,330.0,386.173625080683,3.836803007288836,2681.8258900020737,363.215155187859
1652800827,122,,Aggregated,146.300000,0.000000,340,470,540,600,740,880,1100,1400,2300,3100,3100,19156,0,340.0,390.05652503690794,3.836803007288836,3137.667228002101,363.4516600542911
1652800828,123,,Aggregated,142.400000,0.000000,340,470,550,600,750,880,1100,1500,2300,3100,3100,19277,0,340.0,393.02094028774985,3.836803007288836,3137.667228002101,364.0482440213726
1652800829,124,,Aggregated,142.000000,0.000000,340,470,550,610,760,910,1200,1500,2300,3100,3100,19385,0,340.0,397.2448484984194,3.836803007288836,3137.667228002101,363.6272375548104
1652800830,125,,Aggregated,144.400000,0.000000,340,470,560,610,770,920,1200,1500,2400,3100,3100,19498,0,340.0,401.3488835643091,3.836803007288836,3137.667228002101,364.14550210277974
1652800831,126,,Aggregated,146.000000,0.000000,350,480,560,620,780,940,1200,1500,2400,3100,3100,19629,0,350.0,405.6178997507723,3.836803007288836,3137.667228002101,364.6551530898161
1652800832,127,,Aggregated,139.800000,0.000000,350,480,570,630,790,950,1200,1500,2400,3100,3100,19754,0,350.0,408.70942169185935,3.836803007288836,3137.667228002101,364.7263339070568
1652800833,128,,Aggregated,136.600000,0.000000,350,480,570,630,800,970,1200,1500,2400,3100,3100,19822,0,350.0,411.57712778483244,3.836803007288836,3137.667228002101,364.5096862072445
1652800834,129,,Aggregated,134.900000,0.000000,350,490,580,640,810,980,1300,1600,2500,3100,3100,19970,0,350.0,417.12513486914906,3.836803007288836,3137.667228002101,364.48167250876315
1652800835,130,,Aggregated,127.600000,0.000000,360,490,580,640,820,990,1300,1600,2500,3000,3100,20066,0,360.0,420.0971893374829,3.836803007288836,3137.667228002101,364.49626233429683
1652800836,131,,Aggregated,127.600000,0.000000,360,500,590,650,830,1000,1400,1600,2500,3000,3100,20217,0,360.0,425.10231742474264,3.836803007288836,3137.667228002101,363.98135232724934
1652800837,132,,Aggregated,128.100000,0.000000,360,500,590,650,840,1000,1400,1600,2600,3100,3600,20375,0,360.0,428.08696257879325,3.836803007288836,3558.9490060083335,363.4788220858896
1652800838,133,,Aggregated,124.000000,0.000000,370,500,600,660,840,1000,1400,1700,2700,3600,3900,20518,0,370.0,432.51884220162367,3.836803007288836,3867.4195280036656,364.11073204015986
1652800839,134,,Aggregated,121.900000,0.000000,370,510,600,670,860,1000,1400,1700,2700,3600,3900,20623,0,370.0,435.59927542772715,3.836803007288836,3867.4195280036656,364.2694079425884
1652800840,135,,Aggregated,122.400000,0.000000,370,510,600,670,870,1100,1400,1700,2700,3600,3900,20707,0,370.0,438.5541194648176,3.836803007288836,3867.4195280036656,364.1580624909451
1652800841,136,,Aggregated,122.400000,0.000000,370,510,610,680,880,1100,1400,1700,2700,3600,3900,20819,0,370.0,443.9102470069101,3.836803007288836,3867.4195280036656,363.7490273308036
1652800842,137,,Aggregated,123.500000,0.000000,380,520,610,680,890,1100,1400,1700,2700,3600,3900,20971,0,380.0,447.2451078764923,3.836803007288836,3867.4195280036656,363.109341471556
1652800843,138,,Aggregated,119.500000,0.000000,380,520,620,690,890,1100,1400,1800,3000,4100,4300,21110,0,380.0,451.6112996798159,3.836803007288836,4298.984309003572,363.75675035528184
1652800844,139,,Aggregated,122.000000,0.000000,380,520,630,700,900,1100,1500,1800,3000,4100,4300,21230,0,380.0,455.00419445869125,3.836803007288836,4298.984309003572,364.2071125765426
1652800845,140,,Aggregated,128.100000,0.000000,380,530,630,700,920,1100,1500,1800,3000,4100,4300,21358,0,380.0,459.90282735986443,3.836803007288836,4298.984309003572,364.51273527483846
1652800846,141,,Aggregated,125.000000,0.000000,390,530,640,710,920,1100,1500,1800,3000,4100,4300,21503,0,390.0,463.07082897437095,3.836803007288836,4298.984309003572,364.05966609310326
1652800847,142,,Aggregated,126.400000,0.000000,390,540,640,720,930,1100,1500,1800,3000,4100,4300,21633,0,390.0,466.8999872941271,3.836803007288836,4298.984309003572,365.135764803772
1652800848,143,,Aggregated,127.200000,0.000000,390,540,650,730,950,1100,1500,1800,3000,4100,4300,21761,0,390.0,470.3306669175026,3.836803007288836,4298.984309003572,365.02513671246726
1652800849,144,,Aggregated,125.100000,0.000000,390,540,650,730,960,1200,1500,1800,3000,4100,4300,21856,0,390.0,473.8365767322797,3.836803007288836,4298.984309003572,365.1234901171303
1652800850,145,,Aggregated,125.200000,0.000000,400,550,660,740,970,1200,1500,1800,3000,4100,4300,21988,0,400.0,478.5749401294638,3.836803007288836,4298.984309003572,365.15381116972895
1652800851,146,,Aggregated,122.600000,0.000000,400,550,670,750,980,1200,1500,1800,3000,4100,4300,22138,0,400.0,482.073256008836,3.836803007288836,4298.984309003572,364.77947420724547
1652800852,147,,Aggregated,126.100000,0.000000,400,550,670,760,990,1200,1500,1800,3000,4100,4300,22311,0,400.0,485.8419386018809,3.836803007288836,4298.984309003572,364.3317646004213
1652800853,148,,Aggregated,129.900000,0.000000,400,560,680,760,990,1200,1500,1900,3100,4100,4300,22449,0,400.0,488.74345556909986,3.836803007288836,4298.984309003572,365.2586306739721
1652800854,149,,Aggregated,127.600000,0.000000,410,560,680,770,1000,1200,1500,1900,3100,4100,4300,22578,0,410.0,492.061653434923,3.836803007288836,4298.984309003572,365.2953760297635
1652800855,150,,Aggregated,133.100000,0.000000,410,570,690,780,1000,1200,1500,1900,3100,4100,4300,22719,0,410.0,495.9387315054241,3.836803007288836,4298.984309003572,365.7812843875171
1652800856,151,,Aggregated,134.700000,0.000000,410,570,700,790,1000,1200,1500,1900,3100,4100,4300,22875,0,410.0,499.3058816519233,3.836803007288836,4298.984309003572,365.37171584699456
1652800857,152,,Aggregated,137.000000,0.000000,420,580,710,800,1000,1200,1500,1900,3100,4100,4300,23022,0,420.0,502.98243283023714,3.836803007288836,4298.984309003572,365.431804361046
1652800858,153,,Aggregated,135.800000,0.000000,420,580,710,810,1000,1200,1500,1900,3100,4100,4300,23173,0,420.0,506.53384522167073,3.836803007288836,4298.984309003572,365.46627540672335
1652800859,154,,Aggregated,135.800000,0.000000,420,590,720,810,1000,1200,1500,1900,3100,4100,4300,23277,0,420.0,508.7949969196071,3.836803007288836,4298.984309003572,365.6014520771577
1652800860,155,,Aggregated,140.300000,0.000000,420,590,730,830,1000,1200,1600,1900,3100,4100,4300,23421,0,420.0,513.4004440979384,3.836803007288836,4298.984309003572,366.21254429785233
1652800861,156,,Aggregated,143.100000,0.000000,430,600,740,840,1000,1200,1600,1900,3100,4100,4300,23587,0,430.0,517.4363054500701,3.836803007288836,4298.984309003572,365.9526858015008
1652800862,157,,Aggregated,143.800000,0.000000,430,600,740,840,1100,1200,1600,1900,3100,4100,4300,23703,0,430.0,520.0253209027965,3.836803007288836,4298.984309003572,366.343880521453
1652800863,158,,Aggregated,143.800000,0.000000,430,610,750,850,1100,1200,1600,1900,3100,4100,4300,23871,0,430.0,523.9299040026824,3.836803007288836,4298.984309003572,366.15244438858866
1652800864,159,,Aggregated,144.600000,0.000000,430,610,760,860,1100,1200,1600,1900,3100,4100,4300,23986,0,430.0,526.9727138384028,3.836803007288836,4298.984309003572,365.9455515717502
1652800865,160,,Aggregated,142.200000,0.000000,440,620,770,860,1100,1300,1600,2000,3100,4100,4300,24140,0,440.0,530.4901714368248,3.836803007288836,4298.984309003572,365.74059652029825
1652800866,161,,Aggregated,138.500000,0.000000,440,620,770,870,1100,1300,1600,2000,3100,4100,4300,24237,0,440.0,532.8254632300197,3.836803007288836,4298.984309003572,365.67512480917605
1652800867,162,,Aggregated,138.500000,0.000000,440,630,780,880,1100,1300,1600,2000,3200,4100,4300,24392,0,440.0,536.8239697413914,3.836803007288836,4298.984309003572,365.24561331584124
1652800868,163,,Aggregated,138.800000,0.000000,450,630,780,880,1100,1300,1600,2000,3300,4400,4700,24556,0,450.0,539.7959692778942,3.836803007288836,4660.92547000153,365.1000570125428
1652800869,164,,Aggregated,138.400000,0.000000,450,640,790,890,1100,1300,1600,2000,3600,4500,4700,24719,0,450.0,544.9320826453769,3.836803007288836,4660.92547000153,365.62130345078685
1652800870,165,,Aggregated,138.300000,0.000000,450,640,800,890,1100,1300,1600,2000,3600,4500,4700,24867,0,450.0,548.0127338609421,3.836803007288836,4660.92547000153,366.17947480596774
1652800871,166,,Aggregated,142.400000,0.000000,460,650,810,900,1100,1300,1600,2000,3600,4500,4700,25004,0,460.0,551.4485110563161,3.836803007288836,4660.92547000153,366.24340105583104
1652800872,167,,Aggregated,144.500000,0.000000,460,650,810,910,1100,1300,1600,2000,3600,4500,4700,25143,0,460.0,554.7879515710963,3.836803007288836,4660.92547000153,366.16978880801815
1652800873,168,,Aggregated,142.900000,0.000000,460,660,820,920,1100,1300,1600,2000,3600,4500,4700,25262,0,460.0,558.7647794180616,3.836803007288836,4660.92547000153,366.5407331169345
1652800874,169,,Aggregated,142.100000,0.000000,460,660,830,930,1100,1300,1700,2000,3600,4500,4700,25400,0,460.0,562.8972103126376,3.836803007288836,4660.92547000153,366.69149606299214
1652800875,170,,Aggregated,138.400000,0.000000,470,670,830,930,1100,1300,1700,2000,3600,4500,4700,25508,0,470.0,565.5749778246432,3.836803007288836,4660.92547000153,366.57217343578486
1652800876,171,,Aggregated,141.900000,0.000000,470,680,840,940,1100,1300,1700,2000,3600,4500,4700,25673,0,470.0,570.0411560195517,3.836803007288836,4660.92547000153,366.90663342811513
1652800877,172,,Aggregated,138.700000,0.000000,470,680,850,950,1200,1300,1700,2100,3600,4500,4700,25817,0,470.0,573.4340898590851,3.836803007288836,4660.92547000153,367.31219738931713
1652800878,173,,Aggregated,141.200000,0.000000,470,690,860,960,1200,1300,1700,2100,3600,4500,4700,25946,0,470.0,576.9964540608207,3.836803007288836,4660.92547000153,366.9030679102752
1652800879,174,,Aggregated,139.400000,0.000000,480,690,860,960,1200,1300,1700,2100,3600,4500,4700,26079,0,480.0,580.442602629131,3.836803007288836,4660.92547000153,367.421220138809
1652800880,175,,Aggregated,135.800000,0.000000,480,700,870,970,1200,1300,1700,2100,3600,4500,4700,26232,0,480.0,584.7019574536129,3.836803007288836,4660.92547000153,367.49081274778894
1652800881,176,,Aggregated,137.000000,0.000000,480,700,880,970,1200,1300,1700,2100,3600,4500,4700,26316,0,480.0,586.5978464968108,3.836803007288836,4660.92547000153,367.39895880832955
1652800882,177,,Aggregated,133.800000,0.000000,490,710,890,980,1200,1300,1700,2100,3600,4500,4700,26519,0,490.0,591.5070868947578,3.836803007288836,4660.92547000153,366.9493947735586
1652800883,178,,Aggregated,133.000000,0.000000,490,720,890,980,1200,1300,1700,2100,3600,4500,4700,26656,0,490.0,594.4519038737666,3.836803007288836,4660.92547000153,366.89488295318125
1652800884,179,,Aggregated,137.900000,0.000000,490,720,900,990,1200,1300,1700,2100,3600,4500,4700,26804,0,490.0,598.0436016232724,3.836803007288836,4660.92547000153,367.61311744515746
1652800885,180,,Aggregated,139.600000,0.000000,500,730,910,1000,1200,1400,1700,2100,3600,4500,4700,26946,0,500.0,601.9505725303237,3.836803007288836,4660.92547000153,367.5808283233133
1652800886,181,,Aggregated,141.300000,0.000000,500,730,920,1000,1200,1400,1700,2100,3600,4500,4700,27054,0,500.0,604.6294302799968,3.836803007288836,4660.92547000153,367.41158423892955
1652800887,182,,Aggregated,138.400000,0.000000,500,740,920,1000,1200,1400,1800,2100,3600,4500,4700,27213,0,500.0,608.892843885568,3.836803007288836,4660.92547000153,367.6020284422886
1652800888,183,,Aggregated,139.000000,0.000000,500,750,930,1000,1200,1400,1800,2100,3600,4500,4700,27354,0,500.0,612.4491438625058,3.836803007288836,4660.92547000153,367.3209768224026
1652800889,184,,Aggregated,140.700000,0.000000,510,750,940,1000,1200,1400,1800,2200,3600,4500,4700,27465,0,510.0,615.466329178261,3.836803007288836,4660.92547000153,367.13438922264703
1652800890,185,,Aggregated,140.000000,0.000000,510,760,940,1000,1200,1400,1800,2200,3600,4500,4700,27592,0,510.0,618.999744499927,3.836803007288836,4660.92547000153,366.8454262104958
1652800891,186,,Aggregated,136.900000,0.000000,510,760,950,1000,1200,1400,1800,2200,3600,4500,4700,27694,0,510.0,620.9755747192524,3.836803007288836,4660.92547000153,366.49906116848416
1652800892,187,,Aggregated,138.600000,0.000000,510,770,950,1000,1200,1400,1800,2200,3600,4700,4800,27863,0,510.0,624.6959405678509,3.836803007288836,4827.319643998635,366.0715285504073
1652800893,188,,Aggregated,137.300000,0.000000,520,780,950,1000,1200,1400,1800,2200,3700,5100,5900,28017,0,520.0,628.6994879249448,3.836803007288836,5860.38684999221,365.8429524931292
1652800894,189,,Aggregated,136.900000,0.000000,520,780,960,1000,1200,1400,1800,2200,4300,6200,6400,28222,0,520.0,633.867362040543,3.836803007288836,6401.172900994425,367.0084331372688
1652800895,190,,Aggregated,133.800000,0.000000,530,790,960,1000,1200,1400,1800,2200,4300,6200,6400,28358,0,530.0,636.5869678691458,3.836803007288836,6401.172900994425,366.88444178009735
1652800896,191,,Aggregated,140.700000,0.000000,530,790,970,1100,1300,1400,1800,2200,4300,6200,6400,28510,0,530.0,640.5524175868552,3.836803007288836,6401.172900994425,367.4665380568222
1652800897,192,,Aggregated,144.000000,0.000000,530,800,970,1100,1300,1400,1800,2200,4300,6200,6400,28603,0,530.0,643.1553045808225,3.836803007288836,6401.172900994425,367.15131279935673
1652800898,193,,Aggregated,143.300000,0.000000,530,810,980,1100,1300,1400,1900,2300,4300,6200,6400,28756,0,530.0,648.1352361574748,3.836803007288836,6401.172900994425,367.8120392265962
1652800899,194,,Aggregated,138.400000,0.000000,540,810,980,1100,1300,1500,1900,2300,4300,6200,6400,28885,0,540.0,651.6587482612227,3.836803007288836,6401.172900994425,367.5081530205989
1652800900,195,,Aggregated,142.900000,0.000000,540,820,990,1100,1300,1500,1900,2300,4300,6200,6400,29021,0,540.0,655.219787811875,3.836803007288836,6401.172900994425,367.5078391509596
1652800901,196,,Aggregated,141.700000,0.000000,540,820,1000,1100,1300,1500,1900,2300,4300,6200,6400,29153,0,540.0,658.6743331497037,3.836803007288836,6401.172900994425,367.7131684560766
1652800902,197,,Aggregated,139.200000,0.000000,540,830,1000,1100,1300,1500,1900,2300,4300,6200,6400,29297,0,540.0,662.4990666099683,3.836803007288836,6401.172900994425,367.92350752636787
1652800903,198,,Aggregated,142.900000,0.000000,550,840,1000,1100,1300,1500,1900,2300,4300,6200,6400,29427,0,550.0,665.6338081234322,3.836803007288836,6401.172900994425,368.00978693037007
1652800904,199,,Aggregated,141.200000,0.000000,550,840,1000,1100,1300,1500,1900,2300,4300,6200,6400,29556,0,550.0,669.4828458659217,3.836803007288836,6401.172900994425,368.03380024360536
1652800905,200,,Aggregated,143.800000,0.000000,550,850,1000,1100,1300,1500,1900,2300,4300,6200,6400,29690,0,550.0,673.633734961474,3.836803007288836,6401.172900994425,368.28336140114516
1652800906,201,,Aggregated,133.400000,0.000000,560,850,1000,1100,1300,1500,1900,2300,4300,6200,6400,29803,1,560.0,677.085041170256,3.836803007288836,6401.172900994425,368.10103009764117
1652800907,202,,Aggregated,133.100000,0.000000,560,860,1000,1100,1300,1500,1900,2300,4300,6200,6400,29969,2,560.0,681.6818111895376,3.836803007288836,6401.172900994425,367.62888317928525
1652800908,203,,Aggregated,130.000000,0.000000,560,860,1000,1100,1300,1500,1900,2300,4100,6000,6400,30024,3,560.0,683.1332882634317,3.836803007288836,6401.172900994425,367.5759392486011
1652800909,204,,Aggregated,129.500000,0.100000,570,870,1000,1100,1400,1500,1900,2400,4300,6000,6400,30169,3,570.0,687.455907267904,3.836803007288836,6401.172900994425,367.43541383539394
1652800910,205,,Aggregated,129.300000,0.300000,570,870,1000,1100,1400,1600,2000,2400,4300,6000,6400,30291,4,570.0,691.8350970254016,3.836803007288836,6401.172900994425,367.2402033607342
1652800911,206,,Aggregated,128.700000,0.300000,570,880,1100,1100,1400,1600,2000,2400,4400,6000,6400,30461,5,570.0,695.2977573646768,3.836803007288836,6401.172900994425,366.9062735957454
1652800912,207,,Aggregated,125.800000,0.400000,580,890,1100,1200,1400,1600,2000,2400,4800,6100,6400,30609,5,580.0,700.2542122453962,3.836803007288836,6401.172900994425,368.0795844359502
1652800913,208,,Aggregated,131.000000,0.500000,580,890,1100,1200,1400,1600,2000,2400,4800,6100,6400,30726,7,580.0,703.0266752415971,3.836803007288836,6401.172900994425,367.8811430059233
1652800914,209,,Aggregated,130.000000,0.500000,580,900,1100,1200,1400,1600,2000,2400,4800,6100,6400,30860,8,580.0,707.0940150777508,3.836803007288836,6401.172900994425,368.051749837978
1652800915,210,,Aggregated,129.100000,0.700000,590,900,1100,1200,1400,1600,2000,2400,4800,6100,6400,30941,8,590.0,709.8834320858857,3.836803007288836,6401.172900994425,367.9266345625545
1652800916,211,,Aggregated,130.500000,0.700000,590,910,1100,1200,1400,1600,2000,2400,4800,6100,6400,31087,10,590.0,715.5034098404616,3.836803007288836,6401.172900994425,368.3007044745392
1652800917,212,,Aggregated,127.200000,0.800000,590,910,1100,1200,1400,1600,2000,2400,4800,6100,6400,31178,13,590.0,718.1841251282142,3.836803007288836,6401.172900994425,368.1306369876195
1652800918,213,,Aggregated,128.400000,1.000000,600,920,1100,1200,1400,1700,2000,2500,4800,6100,6400,31379,13,600.0,723.7410716112797,3.836803007288836,6401.172900994425,367.58711240001276
1652800919,214,,Aggregated,128.600000,1.200000,600,920,1100,1200,1400,1700,2000,2500,4800,6100,6400,31444,13,600.0,725.3404845610387,3.836803007288836,6401.172900994425,367.62695585803334
1652800920,215,,Aggregated,128.800000,1.000000,600,930,1100,1200,1400,1700,2000,2500,4800,6100,6400,31590,17,600.0,730.4050229121689,3.836803007288836,6401.172900994425,367.64156378600825
1652800921,216,,Aggregated,129.600000,1.000000,610,940,1100,1200,1400,1700,2100,2500,4800,6100,6400,31742,18,610.0,734.9900029154875,3.836803007288836,6401.172900994425,367.6477222607271
1652800922,217,,Aggregated,133.800000,1.300000,610,940,1100,1200,1400,1700,2100,2500,4800,6100,6400,31851,19,610.0,738.0655263321221,3.836803007288836,6401.172900994425,367.7870396533861
1652800923,218,,Aggregated,126.900000,1.200000,610,950,1100,1200,1500,1700,2100,2500,4800,6100,6400,31990,21,610.0,742.3716330378719,3.836803007288836,6401.172900994425,368.0542982181932
1652800924,219,,Aggregated,124.800000,1.400000,620,950,1100,1200,1500,1700,2100,2500,4700,6100,6400,32099,22,620.0,745.7380701990265,3.836803007288836,6401.172900994425,368.01311567338547
1652800925,220,,Aggregated,124.300000,1.300000,620,950,1100,1200,1500,1700,2100,2500,4700,6100,6400,32175,23,620.0,748.483305240485,3.836803007288836,6401.172900994425,368.0619735819736
1652800926,221,,Aggregated,123.900000,1.500000,620,960,1100,1200,1500,1800,2200,2500,4700,6100,6400,32270,24,620.0,753.2503939768394,3.836803007288836,6401.172900994425,368.12386117136657
1652800927,222,,Aggregated,122.900000,1.500000,620,960,1100,1200,1500,1800,2300,2500,4700,6100,6400,32392,27,620.0,759.3684608680721,3.836803007288836,6401.172900994425,368.15593356384295
1652800928,223,,Aggregated,118.000000,1.400000,630,970,1100,1200,1500,1800,2300,2500,4700,6100,6400,32495,27,630.0,763.6012839886331,3.836803007288836,6401.172900994425,368.14426834897677
1652800929,224,,Aggregated,118.900000,1.200000,630,970,1100,1200,1500,1800,2300,2500,4700,6100,6400,32609,31,630.0,767.4441341096201,3.836803007288836,6401.172900994425,368.13468674292375
1652800930,225,,Aggregated,115.200000,1.400000,630,970,1200,1300,1500,1800,2300,2600,4700,6100,6400,32737,34,630.0,771.6360400115343,3.836803007288836,6401.172900994425,367.98020588325136
1652800931,226,,Aggregated,115.300000,1.800000,640,980,1200,1300,1500,1800,2300,2600,4700,6100,6400,32854,37,640.0,775.1284306142494,3.836803007288836,6401.172900994425,367.861751993669
1652800932,227,,Aggregated,114.600000,1.700000,640,980,1200,1300,1600,1800,2300,2600,4700,6100,6400,32986,40,640.0,779.8092189907107,3.836803007288836,6401.172900994425,368.31225368338085
1652800933,228,,Aggregated,113.800000,1.800000,640,990,1200,1300,1600,1800,2300,2600,4700,6100,6400,33127,42,640.0,784.2641935655687,3.836803007288836,6401.172900994425,368.4618287197754
1652800934,229,,Aggregated,112.300000,2.100000,650,990,1200,1300,1600,1900,2300,2600,4700,6100,6400,33228,43,650.0,787.4279673938988,3.836803007288836,6401.172900994425,368.26579992777175
1652800935,230,,Aggregated,113.200000,2.100000,650,1000,1200,1300,1600,1900,2300,2600,4700,6100,6400,33360,47,650.0,792.0457541733963,3.836803007288836,6401.172900994425,368.4901079136691
1652800936,231,,Aggregated,112.400000,2.100000,650,1000,1200,1300,1600,1900,2300,2600,4700,6100,6400,33479,48,650.0,796.0444318796417,3.836803007288836,6401.172900994425,368.3745930284656
1652800937,232,,Aggregated,116.000000,2.300000,660,1000,1200,1300,1600,1900,2300,2600,4700,6100,6400,33609,53,660.0,800.0581785003293,3.836803007288836,6401.172900994425,368.5903180695647
1652800938,233,,Aggregated,118.400000,2.300000,660,1000,1200,1300,1600,1900,2300,2600,4700,6100,6400,33723,59,660.0,803.6536651210037,3.836803007288836,6401.172900994425,368.52919372535064
1652800939,234,,Aggregated,122.900000,2.800000,660,1000,1200,1300,1700,1900,2300,2600,4700,6100,6400,33844,60,660.0,807.1012486345193,3.836803007288836,6401.172900994425,368.39800260016546
1652800940,235,,Aggregated,123.800000,3.000000,670,1000,1200,1300,1700,1900,2300,2600,4700,6100,6400,33988,63,670.0,811.7689741699904,3.836803007288836,6401.172900994425,368.31308108744264
1652800941,236,,Aggregated,123.200000,2.800000,670,1000,1200,1300,1700,1900,2300,2700,4600,6100,6400,34116,69,670.0,815.7888415205678,3.836803007288836,6401.172900994425,368.7491499589635
1652800942,237,,Aggregated,123.500000,2.900000,680,1000,1200,1300,1700,1900,2300,2700,4600,6100,6400,34244,72,680.0,819.372913593993,3.836803007288836,6401.172900994425,368.7125919869174
1652800943,238,,Aggregated,123.600000,3.300000,680,1000,1200,1300,1700,1900,2300,2700,4600,6100,6400,34359,74,680.0,822.7806336249541,3.836803007288836,6401.172900994425,368.8705724846474
1652800944,239,,Aggregated,125.400000,3.100000,680,1000,1200,1400,1700,1900,2300,2700,4600,6100,6400,34502,79,680.0,827.3756221113496,3.836803007288836,6401.172900994425,368.8372558112573
1652800945,240,,Aggregated,123.200000,3.300000,690,1000,1200,1400,1700,1900,2300,2700,4600,6100,6400,34588,87,690.0,829.7197320831161,3.836803007288836,6401.172900994425,368.78044408465365
1652800946,241,,Aggregated,124.000000,3.500000,690,1100,1200,1400,1700,1900,2400,2700,4600,6100,6400,34762,88,690.0,835.4242101807114,3.836803007288836,6401.172900994425,368.41062079281977
1652800947,242,,Aggregated,125.900000,3.500000,700,1100,1200,1400,1700,1900,2400,2700,4600,6100,6400,34860,90,690.0,838.0994631357114,3.836803007288836,6401.172900994425,368.6158634538153
1652800948,243,,Aggregated,127.000000,4.000000,700,1100,1300,1400,1800,1900,2400,2700,4600,6100,6400,34986,92,700.0,842.4860963018026,3.836803007288836,6401.172900994425,368.95841193620305
1652800949,244,,Aggregated,125.500000,3.700000,700,1100,1300,1400,1800,2000,2400,2700,4500,6100,6400,35098,98,700.0,846.2974983609893,3.836803007288836,6401.172900994425,368.9487435181492
1652800950,245,,Aggregated,123.500000,3.300000,710,1100,1300,1400,1800,2000,2400,2700,4500,6100,6400,35241,102,710.0,850.6666662205388,3.836803007288836,6401.172900994425,369.01540818932494
1652800951,246,,Aggregated,124.800000,3.900000,710,1100,1300,1400,1800,2000,2400,2700,4500,6100,6400,35362,104,710.0,854.1582096807606,3.836803007288836,6401.172900994425,368.945902381087
1652800952,247,,Aggregated,124.400000,3.500000,720,1100,1300,1400,1800,2000,2400,2700,4500,6100,6400,35484,110,720.0,857.9554005170795,3.836803007288836,6401.172900994425,369.11881411340323
1652800953,248,,Aggregated,125.900000,3.600000,720,1100,1300,1400,1800,2000,2400,2700,4500,6100,6400,35618,113,720.0,862.245646873829,3.836803007288836,6401.172900994425,369.16744342748046
1652800954,249,,Aggregated,123.800000,3.800000,720,1100,1300,1400,1800,2000,2400,2800,4500,6100,6400,35766,120,720.0,866.484796474667,3.836803007288836,6401.172900994425,368.95643907621763
1652800955,250,,Aggregated,125.400000,3.800000,730,1100,1300,1400,1800,2000,2400,2800,4500,6100,6400,35874,122,730.0,869.4062091238478,3.836803007288836,6401.172900994425,369.07805095612423
1652800956,251,,Aggregated,127.200000,4.100000,730,1100,1300,1400,1800,2000,2400,2700,4500,6100,6400,36021,127,730.0,873.5337586473433,3.836803007288836,6401.172900994425,368.87268537797394
1652800957,252,,Aggregated,127.000000,3.900000,740,1100,1300,1500,1800,2000,2400,2800,4500,6100,6400,36153,134,740.0,877.3795652382373,3.836803007288836,6401.172900994425,369.05664813431804
1652800958,253,,Aggregated,128.800000,4.000000,740,1100,1300,1500,1800,2000,2400,2800,4500,6100,6400,36269,137,740.0,880.7574112792455,3.836803007288836,6401.172900994425,368.90245112906337
1652800959,254,,Aggregated,127.600000,4.100000,750,1100,1300,1500,1800,2000,2400,2800,4500,6100,6400,36370,142,750.0,883.9897444983502,3.836803007288836,6401.172900994425,368.97772889744294
1652800960,255,,Aggregated,128.400000,4.700000,750,1100,1300,1500,1800,2000,2400,2800,4500,6100,6400,36503,142,750.0,888.65578689108,3.836803007288836,6401.172900994425,368.8794619620305
1652800961,256,,Aggregated,127.700000,4.100000,750,1100,1300,1500,1900,2000,2400,2800,4500,6100,6400,36596,152,750.0,892.1296555042065,3.836803007288836,6401.172900994425,369.0589955186359
1652800962,257,,Aggregated,124.600000,4.400000,760,1100,1300,1500,1900,2000,2400,2800,4500,6100,6400,36744,152,760.0,897.4447574063768,3.836803007288836,6401.172900994425,368.9756694970607
1652800963,258,,Aggregated,125.100000,4.600000,760,1100,1400,1500,1900,2100,2400,2800,4500,6100,6400,36859,160,760.0,901.2468848989402,3.836803007288836,6401.172900994425,368.9560758566429
1652800964,259,,Aggregated,125.600000,4.300000,760,1100,1400,1500,1900,2100,2400,2800,4500,6100,6400,36934,160,760.0,903.7271502754936,3.836803007288836,6401.172900994425,368.8167271348893
1652800965,260,,Aggregated,125.900000,4.600000,760,1100,1400,1500,1900,2100,2400,2800,4500,6100,6400,36962,160,760.0,905.2577302030212,3.836803007288836,6401.172900994425,368.8446783182728
1652800966,261,,Aggregated,121.300000,4.100000,770,1100,1400,1500,1900,2100,2500,3000,4500,6100,6400,37050,166,770.0,911.5058384818643,3.836803007288836,6401.172900994425,368.7509581646424
1652800967,262,,Aggregated,110.700000,4.000000,770,1100,1400,1500,1900,2100,2600,3300,4700,6100,6400,37152,169,770.0,919.2547237547122,3.836803007288836,6401.172900994425,368.9241225236865
1652800968,263,,Aggregated,101.600000,3.400000,780,1200,1400,1600,1900,2100,2600,3400,4800,6100,6400,37318,178,780.0,927.0845713455955,3.836803007288836,6401.172900994425,368.92925665898497
1652800969,264,,Aggregated,98.400000,3.800000,780,1200,1400,1600,1900,2100,2700,3400,4800,6100,6400,37423,180,780.0,930.1594901232102,3.836803007288836,6401.172900994425,368.95174090799776
1652800970,265,,Aggregated,101.800000,3.300000,790,1200,1400,1600,1900,2100,2700,3400,4800,6100,6400,37553,187,790.0,934.0994590921313,3.836803007288836,6401.172900994425,368.8968923920859
1652800971,266,,Aggregated,99.200000,4.000000,790,1200,1400,1600,1900,2100,2700,3400,4800,6100,6400,37662,187,790.0,937.4270584231781,3.836803007288836,6401.172900994425,368.71671711539483
1652800972,267,,Aggregated,105.200000,3.800000,790,1200,1400,1600,1900,2100,2700,3400,4800,6100,6400,37801,197,790.0,941.6200950945431,3.836803007288836,6401.172900994425,368.78095817570966
1652800973,268,,Aggregated,103.900000,3.700000,800,1200,1400,1600,1900,2100,2700,3400,4800,6100,6400,37923,198,800.0,945.6864908774292,3.836803007288836,6401.172900994425,369.15908551538644
1652800974,269,,Aggregated,104.800000,4.100000,800,1200,1400,1600,1900,2200,2700,3400,4800,6100,6400,38055,206,800.0,949.8669282140742,3.836803007288836,6401.172900994425,369.1948232820917
1652800975,270,,Aggregated,103.600000,3.900000,810,1200,1400,1600,1900,2200,2700,3400,4800,6100,6400,38180,206,810.0,953.6313727149953,3.836803007288836,6401.172900994425,369.16301728653747
1652800976,271,,Aggregated,106.800000,4.300000,810,1200,1400,1600,2000,2200,2700,3400,4800,6100,6400,38320,215,810.0,957.6466934423654,3.836803007288836,6401.172900994425,368.8890657620042
1652800977,272,,Aggregated,116.500000,4.600000,810,1200,1400,1700,2000,2200,2700,3400,4800,6100,6400,38415,217,810.0,960.6655579550788,3.836803007288836,6401.172900994425,368.9882858258493
1652800978,273,,Aggregated,125.500000,5.100000,820,1200,1500,1700,2000,2200,2700,3400,4800,6100,6400,38550,226,820.0,965.0681580415901,3.836803007288836,6401.172900994425,368.92619974059664
1652800979,274,,Aggregated,127.900000,4.600000,820,1200,1500,1700,2000,2200,2700,3400,4800,6100,6400,38671,231,820.0,969.0874041678593,3.836803007288836,6401.172900994425,369.1392516355926
1652800980,275,,Aggregated,124.200000,5.300000,830,1200,1500,1700,2000,2200,2700,3400,4800,6100,6400,38808,235,830.0,973.064071091944,3.836803007288836,6401.172900994425,368.97830344258915
1652800981,276,,Aggregated,127.300000,4.700000,830,1200,1500,1700,2000,2200,2700,3400,4800,6100,6400,38927,238,830.0,976.8711629370653,3.836803007288836,6401.172900994425,369.00947928173247
1652800982,277,,Aggregated,126.400000,5.100000,840,1200,1500,1700,2000,2200,2700,3400,4800,6100,6400,39076,247,840.0,981.4011367829355,3.836803007288836,6401.172900994425,369.33795680212916
1652800983,278,,Aggregated,122.500000,4.800000,840,1200,1500,1700,2000,2200,2700,3400,4800,6100,6400,39192,252,840.0,984.8460130357709,3.836803007288836,6401.172900994425,369.276969789753
1652800984,279,,Aggregated,125.000000,4.800000,840,1200,1500,1700,2000,2200,2700,3400,4800,6100,6400,39334,259,840.0,988.6714279468122,3.836803007288836,6401.172900994425,369.1004728733411
1652800985,280,,Aggregated,125.200000,5.000000,850,1200,1500,1700,2000,2200,2700,3400,4800,6100,6400,39433,265,850.0,991.5107454147502,3.836803007288836,6401.172900994425,368.8882154540613
1652800986,281,,Aggregated,128.400000,5.200000,850,1200,1500,1700,2000,2200,2700,3400,4800,6100,6400,39594,270,850.0,996.5549789323139,3.836803007288836,6401.172900994425,369.0507400111128
1652800987,282,,Aggregated,126.600000,5.300000,860,1300,1600,1800,2000,2200,2700,3400,4800,6100,6400,39719,276,860.0,1000.0392434961122,3.836803007288836,6401.172900994425,368.92618142450715
1652800988,283,,Aggregated,126.900000,5.500000,860,1300,1600,1800,2000,2200,2700,3400,4800,6100,6400,39810,286,860.0,1002.6225177443374,3.836803007288836,6401.172900994425,368.68723938708865
1652800989,284,,Aggregated,127.500000,5.600000,860,1300,1600,1800,2100,2200,2800,3400,4800,6100,6400,39928,292,860.0,1007.1381747116311,3.836803007288836,6401.172900994425,368.39147966339414
1652800990,285,,Aggregated,128.400000,5.900000,870,1300,1600,1800,2100,2300,2800,3400,4700,6000,6400,40030,297,870.0,1010.7425577932048,3.836803007288836,6401.172900994425,368.1834624031976
1652800991,286,,Aggregated,119.700000,6.000000,870,1300,1600,1800,2100,2300,2800,3400,4800,6000,6400,40193,310,870.0,1015.3481858645061,3.836803007288836,6401.172900994425,367.87042519841765
1652800992,287,,Aggregated,123.200000,6.600000,880,1300,1600,1800,2100,2300,2800,3400,4900,6400,6700,40350,314,880.0,1019.7061353297925,3.836803007288836,6657.696409994969,367.95486988847586
1652800993,288,,Aggregated,127.300000,6.800000,880,1300,1600,1800,2100,2300,2800,3400,5000,6400,6700,40492,319,880.0,1023.6620382430917,3.836803007288836,6657.696409994969,368.2577052257236
1652800994,289,,Aggregated,128.700000,7.000000,890,1300,1600,1800,2100,2300,2800,3400,5000,6400,6700,40650,322,890.0,1027.2869702264265,3.836803007288836,6657.696409994969,367.9708979089791
1652800995,290,,Aggregated,130.000000,7.000000,890,1300,1600,1800,2100,2300,2800,3400,5000,6400,6700,40758,332,890.0,1029.8605498998031,3.836803007288836,6657.696409994969,367.91623730310613
